日期,经度,纬度
2020-01-08,120.209947,30.245853
2020-01-08,117.120098,36.6512
2020-01-08,112.23813,30.326857
2020-01-08,120.447128,36.389639
2020-01-09,117.120098,36.6512
2020-01-09,118.047649,36.814939
2020-01-09,117.216798,36.857233
2020-01-09,100.24646,26.671508
2020-01-13,119.128755,36.715778
2020-01-13,114.305215,30.592935
2020-01-13,108.314844,22.826972
2020-01-13,120.374402,36.168923
2020-01-14,116.990991,36.670865
2020-01-14,114.317531,30.52863
2020-01-14,120.410606,36.098988
2020-01-15,120.43061,36.178271
2020-01-15,120.425975,36.192699
2020-01-15,120.410606,36.098988
2020-01-16,113.930057,29.721708
2020-01-16,117.035703,36.172904
2020-01-16,117.120098,36.6512
2020-01-16,119.174741,36.712789
2020-01-16,117.817406,35.51918
2020-01-16,,
2020-01-16,114.317531,30.52863
2020-01-16,116.600756,35.392521
2020-01-16,116.600756,35.392521
2020-01-16,116.610596,35.420506
2020-01-16,114.221167,30.773612
2020-01-16,119.329604,35.402304
2020-01-16,117.561539,34.056027
2020-01-17,117.64219,35.50653
2020-01-17,,
2020-01-17,119.179161,36.84903
2020-01-17,,
2020-01-17,114.305215,30.592935
2020-01-17,115.449467,35.244258
2020-01-17,117.035703,36.172904
2020-01-17,117.50222,36.018068
2020-01-17,117.244312,36.159144
2020-01-17,117.15067,36.191463
2020-01-17,100.24646,26.671508
2020-01-17,106.654234,29.718557
2020-01-17,114.317531,30.52863
2020-01-17,115.506389,35.230899
2020-01-17,114.305215,30.592935
2020-01-17,,
2020-01-17,114.317531,30.52863
2020-01-17,113.658097,34.745795
2020-01-17,113.658097,34.745795
2020-01-17,119.998481,36.298628
2020-01-17,114.305215,30.592935
2020-01-17,121.158434,36.776378
2020-01-17,114.305215,30.592935
2020-01-17,119.128755,36.715778
2020-01-18,118.065677,34.874555
2020-01-18,,
2020-01-18,117.50222,36.018068
2020-01-18,117.548003,35.991696
2020-01-18,117.15067,36.191463
2020-01-18,,
2020-01-18,115.469381,35.246531
2020-01-18,116.096744,35.802077
2020-01-18,114.255008,30.618096
2020-01-18,117.290345,31.797813
2020-01-18,117.290345,31.797813
2020-01-18,117.035703,36.172904
2020-01-18,117.035703,36.172904
2020-01-18,117.15067,36.191463
2020-01-18,119.937164,37.18129
2020-01-18,119.961884,37.18652
2020-01-18,110.467385,19.942495
2020-01-18,118.871181,31.731634
2020-01-18,118.798128,31.968592
2020-01-18,117.305928,34.780845
2020-01-18,117.305928,34.780845
2020-01-18,117.263164,34.795063
2020-01-18,114.255008,30.618096
2020-01-18,118.057655,36.78892
2020-01-18,114.305215,30.592935
2020-01-18,119.942657,37.169795
2020-01-18,119.937418,37.181906
2020-01-18,119.961884,37.18652
2020-01-19,121.362526,37.577688
2020-01-19,,
2020-01-19,117.120098,36.6512
2020-01-19,115.857963,28.683016
2020-01-19,114.305215,30.592935
2020-01-19,117.677736,36.214397
2020-01-19,119.174741,36.712789
2020-01-19,117.129063,36.194968
2020-01-19,117.129063,36.194968
2020-01-19,119.755597,36.382595
2020-01-19,117.817406,35.51918
2020-01-19,117.761122,35.525857
2020-01-19,106.516545,29.598989
2020-01-19,,
2020-01-19,114.255008,30.618096
2020-01-19,115.943992,36.45745
2020-01-19,115.943992,36.45745
2020-01-19,116.271653,36.684195
2020-01-19,121.443382,37.516087
2020-01-19,121.360715,37.507586
2020-01-19,120.709254,36.928059
2020-01-19,122.144165,37.42604
2020-01-19,102.932521,25.100552
2020-01-19,120.383096,36.266249
2020-01-19,120.386627,36.266455
2020-01-19,121.230543,37.537939
2020-01-19,102.932521,25.100552
2020-01-19,120.383096,36.266249
2020-01-19,120.386627,36.266455
2020-01-19,121.230543,37.537939
2020-01-19,102.932521,25.100552
2020-01-19,120.383096,36.266249
2020-01-19,120.386627,36.266455
2020-01-19,121.230543,37.537939
2020-01-19,121.360151,37.506947
2020-01-19,,
2020-01-19,102.932521,25.100552
2020-01-19,120.383096,36.266249
2020-01-19,120.410606,36.098988
2020-01-19,120.644,36.184075
2020-01-20,117.50222,36.018068
2020-01-20,117.50222,36.018068
2020-01-20,117.216798,36.857233
2020-01-20,102.932521,25.100552
2020-01-20,117.817406,35.51918
2020-01-20,,
2020-01-20,117.106363,36.199477
2020-01-20,,
2020-01-20,106.654234,29.718557
2020-01-20,117.216798,36.857233
2020-01-20,112.204251,31.03542
2020-01-20,,
2020-01-20,116.271653,36.684195
2020-01-20,116.289354,36.657282
2020-01-20,116.289354,36.657282
2020-01-20,116.291648,36.659969
2020-01-20,116.291648,36.659969
2020-01-20,116.26036,36.570242
2020-01-20,121.433868,37.520786
2020-01-20,121.443382,37.516087
2020-01-20,121.443382,37.516087
2020-01-20,121.314593,37.531048
2020-01-20,121.314593,37.531048
2020-01-20,121.257866,37.560516
2020-01-20,122.131121,37.494737
2020-01-20,0.0,0.0
2020-01-20,121.209741,37.472542
2020-01-20,121.194446,37.441619
2020-01-20,121.194446,37.441619
2020-01-20,121.20568,37.46956
2020-01-20,121.227915,37.529449
2020-01-20,121.088646,37.50609
2020-01-20,121.088646,37.50609
2020-01-20,121.241073,37.559948
2020-01-20,121.241073,37.559948
2020-01-20,121.162425,37.586472
2020-01-20,121.373016,37.549835
2020-01-20,121.264061,37.507974
2020-01-20,121.387898,37.540913
2020-01-20,0.0,0.0
2020-01-20,118.721525,36.878467
2020-01-20,0.0,0.0
2020-01-20,120.043424,35.885256
2020-01-20,0.0,0.0
2020-01-20,114.221167,30.773612
2020-01-20,120.383096,36.266249
2020-01-20,117.486348,37.296949
2020-01-20,117.511008,37.475124
2020-01-21,117.50222,36.018068
2020-01-21,117.447087,35.925486
2020-01-21,117.50222,36.018068
2020-01-21,117.543137,35.992988
2020-01-21,106.550464,29.563761
2020-01-21,0.0,0.0
2020-01-21,117.735233,35.911703
2020-01-21,117.781693,35.89384
2020-01-21,114.305215,30.592935
2020-01-21,120.447128,36.389639
2020-01-21,114.305215,30.592935
2020-01-21,116.97271,35.415473
2020-01-21,121.314593,37.531048
2020-01-21,0.0,0.0
2020-01-21,121.258988,37.506193
2020-01-21,121.263751,37.496131
2020-01-21,118.326443,35.065282
2020-01-21,117.7349,35.912141
2020-01-21,117.7349,35.912141
2020-01-21,117.770596,35.904818
2020-01-21,121.430738,37.452741
2020-01-21,121.383415,37.542096
2020-01-21,120.059451,35.888027
2020-01-21,0.0,0.0
2020-01-21,121.375591,37.545054
2020-01-21,121.382861,37.548294
2020-01-21,121.382861,37.548294
2020-01-21,121.393607,37.602031
2020-01-21,114.424314,30.606697
2020-01-21,116.891334,36.668909
2020-01-21,116.891334,36.668909
2020-01-21,118.016974,37.383542
2020-01-21,112.616324,31.176019
2020-01-21,114.255008,30.618096
2020-01-21,114.255008,30.618096
2020-01-21,114.221167,30.773612
2020-01-21,120.43061,36.178271
2020-01-21,120.468956,36.107538
2020-01-22,117.50222,36.018068
2020-01-22,117.482761,36.032971
2020-01-22,120.385819,36.091813
2020-01-22,120.400431,36.300975
2020-01-22,120.400431,36.300975
2020-01-22,120.318257,36.066174
2020-01-22,120.318257,36.066174
2020-01-22,119.935137,37.133377
2020-01-22,119.935137,37.133377
2020-01-22,119.766859,37.073093
2020-01-22,119.766859,37.073093
2020-01-22,120.37953,36.957439
2020-01-22,115.988491,36.434645
2020-01-22,0.0,0.0
2020-01-22,114.424314,30.606697
2020-01-22,117.15992,36.747706
2020-01-22,117.15992,36.747706
2020-01-22,116.780556,36.553733
2020-01-22,116.780556,36.553733
2020-01-22,116.988004,36.649269
2020-01-22,119.755597,36.382595
2020-01-22,117.061222,36.705641
2020-01-22,114.424314,30.606697
2020-01-22,117.15992,36.747706
2020-01-22,117.15992,36.747706
2020-01-22,116.780556,36.553733
2020-01-22,114.424314,30.606697
2020-01-22,117.15992,36.747706
2020-01-22,117.15992,36.747706
2020-01-22,116.780556,36.553733
2020-01-22,114.424314,30.606697
2020-01-22,117.15992,36.747706
2020-01-22,117.15992,36.747706
2020-01-22,116.780556,36.553733
2020-01-22,114.424314,30.606697
2020-01-22,117.15992,36.747706
2020-01-22,117.120098,36.6512
2020-01-22,118.047649,36.814939
2020-01-22,114.424314,30.606697
2020-01-22,117.15992,36.747706
2020-01-22,117.781693,35.89384
2020-01-22,0.0,0.0
2020-01-22,117.585577,34.782613
2020-01-22,0.0,0.0
2020-01-22,120.328318,36.06601
2020-01-22,120.658469,36.45125
2020-01-22,120.658469,36.45125
2020-01-22,120.658898,36.448706
2020-01-22,120.658898,36.448706
2020-01-22,120.658898,36.448706
2020-01-22,120.658898,36.448706
2020-01-22,120.660592,36.444899
2020-01-22,120.660592,36.444899
2020-01-22,120.828811,36.587782
2020-01-22,116.972742,35.414706
2020-01-22,0.0,0.0
2020-01-22,121.136877,37.574758
2020-01-22,121.356435,37.566586
2020-01-22,121.249191,37.562006
2020-01-22,0.0,0.0
2020-01-22,114.305215,30.592935
2020-01-22,121.391382,37.539297
2020-01-22,121.391382,37.539297
2020-01-22,121.600512,37.386901
2020-01-22,114.221167,30.773612
2020-01-22,120.383096,36.266249
2020-01-22,120.383096,36.266249
2020-01-22,119.942327,37.177017
2020-01-22,120.374402,36.168923
2020-01-22,121.392549,37.431904
2020-01-22,121.26403,37.495644
2020-01-22,121.360151,37.506947
2020-01-22,114.424314,30.606697
2020-01-22,116.891334,36.668909
2020-01-22,116.891334,36.668909
2020-01-22,116.97411,36.658011
2020-01-22,118.798128,31.968592
2020-01-22,116.891334,36.668909
2020-01-22,116.891334,36.668909
2020-01-22,118.057655,36.78892
2020-01-22,114.305215,30.592935
2020-01-22,120.758171,36.927071
2020-01-22,114.221167,30.773612
2020-01-22,120.383096,36.266249
2020-01-22,120.312724,36.064831
2020-01-22,120.016561,35.871423
2020-01-22,120.016561,35.871423
2020-01-22,119.893752,35.750828
2020-01-22,121.158434,36.776378
2020-01-22,0.0,0.0
2020-01-23,114.305215,30.592935
2020-01-23,117.340051,36.207702
2020-01-23,121.638034,36.81549
2020-01-23,0.0,0.0
2020-01-23,118.980996,36.352256
2020-01-23,118.970717,36.35236
2020-01-23,116.086185,37.226437
2020-01-23,116.142478,37.172499
2020-01-23,120.37953,36.957439
2020-01-23,120.524301,36.865246
2020-01-23,120.524301,36.865246
2020-01-23,120.519101,36.866722
2020-01-23,120.519101,36.866722
2020-01-23,120.37953,36.957439
2020-01-23,118.980996,36.352256
2020-01-23,118.970717,36.35236
2020-01-23,114.305215,30.592935
2020-01-23,117.526228,36.681259
2020-01-23,117.01059,36.717798
2020-01-23,0.0,0.0
2020-01-23,114.305215,30.592935
2020-01-23,114.159437,32.257666
2020-01-23,114.159437,32.257666
2020-01-23,116.689022,36.228235
2020-01-23,114.305215,30.592935
2020-01-23,114.159437,32.257666
2020-01-23,114.159437,32.257666
2020-01-23,116.689022,36.228235
2020-01-23,114.317531,30.52863
2020-01-23,115.506389,35.230899
2020-01-23,115.506389,35.230899
2020-01-23,116.088271,35.378834
2020-01-23,116.992224,36.685283
2020-01-23,116.1482,36.074969
2020-01-23,114.305215,30.592935
2020-01-23,0.0,0.0
2020-01-23,117.580374,34.77297
2020-01-23,0.0,0.0
2020-01-23,114.305215,30.592935
2020-01-23,114.075031,32.123274
2020-01-23,114.075031,32.123274
2020-01-23,114.15928,32.143878
2020-01-23,114.15928,32.143878
2020-01-23,113.778584,34.759197
2020-01-23,113.778584,34.759197
2020-01-23,113.854712,34.525946
2020-01-23,113.854712,34.525946
2020-01-23,120.988421,37.66007
2020-01-23,120.828811,36.587782
2020-01-23,0.0,0.0
2020-01-23,116.271653,36.684195
2020-01-23,116.271653,36.684195
2020-01-23,121.26491,37.506637
2020-01-23,0.0,0.0
2020-01-23,121.436853,37.456314
2020-01-23,121.435533,37.455016
2020-01-23,117.20056,37.726191
2020-01-23,0.0,0.0
2020-01-23,116.97411,36.658011
2020-01-23,116.992224,36.685283
2020-01-23,116.99177,36.683387
2020-01-23,116.1482,36.074969
2020-01-23,116.1482,36.074969
2020-01-23,0.0,0.0
2020-01-23,120.050405,35.880722
2020-01-23,0.0,0.0
2020-01-23,119.902138,35.690119
2020-01-23,119.893752,35.750828
2020-01-24,118.824184,36.718532
2020-01-24,118.826813,36.718892
2020-01-24,118.826813,36.718892
2020-01-24,118.83827,36.699767
2020-01-24,118.83827,36.699767
2020-01-24,118.836153,36.708393
2020-01-24,120.380853,36.956895
2020-01-24,120.524301,36.865246
2020-01-24,118.814003,36.693182
2020-01-24,118.813916,36.693412
2020-01-24,118.83827,36.699767
2020-01-24,118.836153,36.708393
2020-01-24,116.689022,36.228235
2020-01-24,0.0,0.0
2020-01-24,116.689022,36.228235
2020-01-24,115.01591,30.395869
2020-01-24,116.817613,35.767769
2020-01-24,112.229648,30.058336
2020-01-24,120.415528,36.399964
2020-01-24,117.817406,35.51918
2020-01-24,117.761122,35.525857
2020-01-24,117.01059,36.717798
2020-01-24,0.0,0.0
2020-01-24,117.781693,35.89384
2020-01-24,0.0,0.0
2020-01-24,117.50222,36.018068
2020-01-24,0.0,0.0
2020-01-24,120.828811,36.587782
2020-01-24,120.455303,36.384614
2020-01-24,121.600512,37.386901
2020-01-24,122.116394,37.509691
2020-01-24,121.227915,37.529449
2020-01-24,0.0,0.0
2020-01-24,117.770596,35.904818
2020-01-24,0.0,0.0
2020-01-24,120.144584,36.085458
2020-01-24,0.0,0.0
2020-01-24,117.193069,37.788212
2020-01-24,0.0,0.0
2020-01-24,116.1482,36.074969
2020-01-24,116.46957,35.933432
2020-01-24,117.128616,36.685546
2020-01-24,120.988421,37.66007
2020-01-24,120.988421,37.66007
2020-01-24,122.057941,37.193886
2020-01-24,120.758171,36.927071
2020-01-24,120.703444,36.973283
2020-01-25,119.179161,36.84903
2020-01-25,0.0,0.0
2020-01-25,118.980996,36.352256
2020-01-25,118.923691,36.404122
2020-01-25,115.781476,36.112098
2020-01-25,115.782999,36.115283
2020-01-25,118.980996,36.352256
2020-01-25,118.923691,36.404122
2020-01-25,102.932521,25.100552
2020-01-25,117.216798,36.857233
2020-01-25,0.0,0.0
2020-01-25,0.0,0.0
2020-01-25,117.216798,36.857233
2020-01-25,116.454687,36.276589
2020-01-25,0.0,0.0
2020-01-25,0.0,0.0
2020-01-25,116.689022,36.228235
2020-01-25,0.0,0.0
2020-01-25,116.689022,36.228235
2020-01-25,0.0,0.0
2020-01-25,116.817613,35.767769
2020-01-25,116.793528,35.757101
2020-01-25,116.793528,35.757101
2020-01-25,116.817613,35.767769
2020-01-25,117.035703,36.172904
2020-01-25,116.266231,35.989783
2020-01-25,120.415528,36.399964
2020-01-25,120.425813,36.397607
2020-01-25,117.817406,35.51918
2020-01-25,0.0,0.0
2020-01-25,106.654234,29.718557
2020-01-25,117.216798,36.857233
2020-01-25,117.781693,35.89384
2020-01-25,0.0,0.0
2020-01-25,117.571079,34.865529
2020-01-25,0.0,0.0
2020-01-25,117.756996,36.85692
2020-01-25,0.0,0.0
2020-01-25,122.116394,37.509691
2020-01-25,121.600512,37.386901
2020-01-25,121.241073,37.559948
2020-01-25,0.0,0.0
2020-01-25,121.135914,37.377882
2020-01-25,121.185219,37.377533
2020-01-25,121.185219,37.377533
2020-01-25,121.239128,37.411747
2020-01-25,121.239128,37.411747
2020-01-25,121.276634,37.506615
2020-01-25,117.770596,35.904818
2020-01-25,0.0,0.0
2020-01-25,119.942657,37.169795
2020-01-25,119.979618,37.178717
2020-01-26,120.477813,37.646108
2020-01-26,0.0,0.0
2020-01-26,119.755597,36.382595
2020-01-26,0.0,0.0
2020-01-26,118.970717,36.35236
2020-01-26,118.980996,36.352256
2020-01-26,115.857963,28.683016
2020-01-26,117.120098,36.6512
2020-01-26,117.15067,36.191463
2020-01-26,117.101,36.1777
2020-01-26,118.970717,36.35236
2020-01-26,118.980996,36.352256
2020-01-26,116.689022,36.228235
2020-01-26,0.0,0.0
2020-01-26,116.689022,36.228235
2020-01-26,0.0,0.0
2020-01-26,116.817613,35.767769
2020-01-26,116.817934,35.768855
2020-01-26,117.11884,36.170434
2020-01-26,117.377622,36.215729
2020-01-26,117.377622,36.215729
2020-01-26,117.301219,35.891114
2020-01-26,120.415528,36.399964
2020-01-26,0.0,0.0
2020-01-26,117.817406,35.51918
2020-01-26,0.0,0.0
2020-01-26,114.316223,30.554235
2020-01-26,117.120098,36.6512
2020-01-26,121.317516,37.317425
2020-01-26,120.937657,36.969945
2020-01-26,120.703444,36.973283
2020-01-26,121.408486,37.528211
2020-01-27,118.980996,36.352256
2020-01-27,118.970717,36.35236
2020-01-27,118.970717,36.35236
2020-01-27,118.827979,36.697591
2020-01-27,116.000733,36.440461
2020-01-27,0.0,0.0
2020-01-27,116.000733,36.440461
2020-01-27,0.0,0.0
2020-01-27,117.124866,36.191562
2020-01-27,0.0,0.0
2020-01-27,117.15067,36.191463
2020-01-27,0.0,0.0
2020-01-27,118.980996,36.352256
2020-01-27,118.970717,36.35236
2020-01-27,118.970717,36.35236
2020-01-27,118.827979,36.697591
2020-01-27,120.33469,37.337191
2020-01-27,0.0,0.0
2020-01-27,110.805127,32.593465
2020-01-27,117.052453,36.676116
2020-01-27,117.079737,36.65386
2020-01-27,0.0,0.0
2020-01-27,116.689022,36.228235
2020-01-27,0.0,0.0
2020-01-27,116.689022,36.228235
2020-01-27,0.0,0.0
2020-01-27,116.817613,35.767769
2020-01-27,0.0,0.0
2020-01-27,120.415528,36.399964
2020-01-27,120.384599,36.062687
2020-01-27,117.817406,35.51918
2020-01-27,0.0,0.0
2020-01-27,120.937657,36.969945
2020-01-27,0.0,0.0
2020-01-27,120.711673,36.978941
2020-01-27,121.267741,37.498246
2020-01-27,117.580374,34.77297
2020-01-27,117.590936,34.766818
2020-01-27,117.590936,34.766818
2020-01-27,117.589721,34.76338
2020-01-27,117.120888,36.12377
2020-01-27,117.119739,36.130202
2020-01-27,121.600512,37.386901
2020-01-27,121.408486,37.528211
2020-01-27,120.405952,36.132242
2020-01-27,120.374731,36.087609
2020-01-27,117.770596,35.904818
2020-01-27,117.772463,35.914213
2020-01-28,118.827979,36.697591
2020-01-28,0.0,0.0
2020-01-28,116.086185,37.226437
2020-01-28,116.142478,37.172499
2020-01-28,122.022629,37.483032
2020-01-28,122.062881,37.492912
2020-01-28,117.226847,35.089726
2020-01-28,117.218217,35.090866
2020-01-28,118.827979,36.697591
2020-01-28,118.83827,36.699767
2020-01-28,118.83827,36.699767
2020-01-28,118.827979,36.697591
2020-01-28,116.689022,36.228235
2020-01-28,116.689138,36.199945
2020-01-28,116.689022,36.228235
2020-01-28,116.689138,36.199945
2020-01-28,117.11884,36.170434
2020-01-28,117.377622,36.215729
2020-01-28,120.415528,36.399964
2020-01-28,0.0,0.0
2020-01-28,117.580374,34.77297
2020-01-28,0.0,0.0
2020-01-28,117.576921,34.771756
2020-01-28,0.0,0.0
2020-01-28,120.374731,36.087609
2020-01-28,120.432697,36.145463
2020-01-28,121.154737,36.774741
2020-01-28,121.315707,36.877799
2020-01-29,118.827979,36.697591
2020-01-29,0.0,0.0
2020-01-29,117.105765,36.68273
2020-01-29,117.047849,36.667658
2020-01-29,119.350404,36.591901
2020-01-29,119.107078,36.70925
2020-01-29,117.528842,34.492635
2020-01-29,117.555792,34.550581
2020-01-29,117.555792,34.550581
2020-01-29,117.561123,34.549524
2020-01-29,117.561123,34.549524
2020-01-29,117.738356,34.560797
2020-01-29,117.124866,36.191562
2020-01-29,0.0,0.0
2020-01-29,117.226847,35.089726
2020-01-29,117.218217,35.090866
2020-01-29,118.827979,36.697591
2020-01-29,118.83827,36.699767
2020-01-29,118.83827,36.699767
2020-01-29,118.827979,36.697591
2020-01-29,117.111541,36.193535
2020-01-29,0.0,0.0
2020-01-29,116.981305,36.609531
2020-01-29,117.047849,36.667658
2020-01-29,117.580374,34.77297
2020-01-29,0.0,0.0
2020-01-29,117.576921,34.771756
2020-01-29,0.0,0.0
2020-01-29,120.455303,36.384614
2020-01-29,0.0,0.0
2020-01-30,118.395943,36.313656
2020-01-30,117.15067,36.191463
2020-01-30,118.827979,36.697591
2020-01-30,118.83827,36.699767
2020-01-30,117.105765,36.68273
2020-01-30,117.155347,36.70579
2020-01-30,115.980069,36.446162
2020-01-30,0.0,0.0
2020-01-30,117.226847,35.089726
2020-01-30,0.0,0.0
2020-01-30,118.827979,36.697591
2020-01-30,0.0,0.0
2020-01-30,117.11884,36.170434
2020-01-30,117.301219,35.891114
2020-01-30,117.580374,34.77297
2020-01-30,117.591304,34.763848
2020-01-30,117.591304,34.763848
2020-01-30,0.0,0.0
2020-01-31,118.827979,36.697591
2020-01-31,0.0,0.0
2020-01-31,120.517693,36.894096
2020-01-31,120.53187,36.879041
2020-01-31,115.944373,36.430123
2020-01-31,0.0,0.0
2020-01-31,118.827979,36.697591
2020-01-31,0.0,0.0
2020-01-31,116.454687,36.276589
2020-01-31,0.0,0.0
2020-01-31,116.988004,36.649269
2020-01-31,0.0,0.0
2020-01-31,116.988004,36.649269
2020-01-31,0.0,0.0
2020-01-31,121.267741,37.498246
2020-01-31,0.0,0.0
2020-02-01,117.071714,36.663525
2020-02-01,0.0,0.0
2020-02-01,120.517693,36.894096
2020-02-01,0.0,0.0
2020-02-01,119.350404,36.591901
2020-02-01,0.0,0.0
2020-02-01,117.15067,36.191463
2020-02-01,0.0,0.0
2020-02-01,116.454687,36.276589
2020-02-01,116.45723,36.2989
2020-02-01,117.111541,36.193535
2020-02-01,117.122875,36.180157
2020-02-01,0.0,0.0
2020-02-01,117.763197,35.513719
2020-02-01,117.757882,35.526678
2020-02-01,117.01059,36.717798
2020-02-01,0.0,0.0
2020-02-01,117.047849,36.667658
2020-02-01,116.988004,36.649269
2020-02-01,117.018034,36.658241
2020-02-01,0.0,0.0
2020-02-01,120.455303,36.384614
2020-02-01,0.0,0.0
2020-02-01,116.988004,36.649269
2020-02-01,0.0,0.0
2020-02-02,121.168409,36.78022
2020-02-02,0.0,0.0
2020-02-02,115.992304,36.455581
2020-02-02,0.0,0.0
2020-02-02,115.944373,36.430123
2020-02-02,0.0,0.0
2020-02-02,117.101,36.1777
2020-02-02,117.244312,36.159144
2020-02-02,117.226847,35.089726
2020-02-02,117.223353,35.093848
2020-02-02,117.223353,35.093848
2020-02-02,117.168091,35.099839
2020-02-02,116.817613,35.767769
2020-02-02,0.0,0.0
2020-02-02,117.763197,35.513719
2020-02-02,117.815081,35.517512
2020-02-02,117.817406,35.51918
2020-02-02,117.768252,35.523582
2020-02-02,117.768252,35.523582
2020-02-02,117.626941,35.483039
2020-02-02,117.01059,36.717798
2020-02-02,116.988746,36.685078
2020-02-02,117.018034,36.658241
2020-02-02,116.988004,36.649269
2020-02-02,116.988004,36.649269
2020-02-02,0.0,0.0
2020-02-02,116.988004,36.649269
2020-02-02,0.0,0.0
2020-02-03,117.071714,36.663525
2020-02-03,117.047849,36.667658
2020-02-03,117.105765,36.68273
2020-02-03,117.048614,36.677392
2020-02-03,117.048614,36.677392
2020-02-03,117.040276,36.690283
2020-02-03,120.517693,36.894096
2020-02-03,120.539225,36.864568
2020-02-03,120.517693,36.894096
2020-02-03,120.524301,36.865246
2020-02-03,117.50222,36.018068
2020-02-03,117.536591,35.994791
2020-02-03,117.226847,35.089726
2020-02-03,116.82196,36.538395
2020-02-03,120.33469,37.337191
2020-02-03,120.395492,37.359774
2020-02-03,116.45723,36.2989
2020-02-03,116.988004,36.649269
2020-02-03,116.780556,36.553733
2020-02-03,0.0,0.0
2020-02-03,116.817613,35.767769
2020-02-03,116.793528,35.757101
2020-02-03,116.793528,35.757101
2020-02-03,117.056593,35.904173
2020-02-03,120.415528,36.399964
2020-02-03,120.455303,36.384614
2020-02-03,116.780556,36.553733
2020-02-03,116.75269,36.55045
2020-02-03,117.097095,36.193129
2020-02-03,0.0,0.0
2020-02-03,116.988746,36.685078
2020-02-03,117.04856,36.677351
2020-02-03,116.988004,36.649269
2020-02-03,0.0,0.0
2020-02-04,117.626941,35.483039
2020-02-04,0.0,0.0
2020-02-04,119.797042,36.377548
2020-02-04,0.0,0.0
2020-02-04,120.517693,36.894096
2020-02-04,0.0,0.0
2020-02-04,115.781476,36.112098
2020-02-04,115.782999,36.115283
2020-02-04,117.536591,35.994791
2020-02-04,117.772463,35.914213
2020-02-04,116.086185,37.226437
2020-02-04,0.0,0.0
2020-02-04,115.992304,36.455581
2020-02-04,115.97851,36.458263
2020-02-04,117.226847,35.089726
2020-02-04,117.175028,35.080894
2020-02-04,117.175028,35.080894
2020-02-04,117.163056,35.088216
2020-02-04,118.827979,36.697591
2020-02-04,118.83033,36.698025
2020-02-04,120.33469,37.337191
2020-02-04,120.410313,37.386396
2020-02-04,120.410313,37.386396
2020-02-04,120.451932,37.36033
2020-02-04,120.372215,36.11468
2020-02-04,120.374731,36.087609
2020-02-04,117.079737,36.65386
2020-02-04,117.047849,36.667658
2020-02-04,117.047849,36.667658
2020-02-04,117.04856,36.677351
2020-02-04,116.780556,36.553733
2020-02-04,116.75269,36.55045
2020-02-04,117.11884,36.170434
2020-02-04,117.097095,36.193129
2020-02-04,116.75269,36.55045
2020-02-04,0.0,0.0
2020-02-04,116.089221,35.386128
2020-02-04,0.0,0.0
2020-02-05,117.626941,35.483039
2020-02-05,0.0,0.0
2020-02-05,117.668455,36.203176
2020-02-05,0.0,0.0
2020-02-05,119.797042,36.377548
2020-02-05,0.0,0.0
2020-02-05,118.829654,36.696511
2020-02-05,118.83827,36.699767
2020-02-05,118.83827,36.699767
2020-02-05,118.980996,36.352256
2020-02-05,118.980996,36.352256
2020-02-05,118.970717,36.35236
2020-02-05,118.970717,36.35236
2020-02-05,118.830273,36.693132
2020-02-05,117.047849,36.667658
2020-02-05,116.988004,36.649269
2020-02-05,120.517693,36.894096
2020-02-05,0.0,0.0
2020-02-05,115.798741,36.118275
2020-02-05,115.785981,36.125049
2020-02-05,117.226847,35.089726
2020-02-05,117.163056,35.088216
2020-02-05,118.827979,36.697591
2020-02-05,118.83033,36.698025
2020-02-05,118.83033,36.698025
2020-02-05,118.83827,36.699767
2020-02-05,118.83827,36.699767
2020-02-05,118.980996,36.352256
2020-02-05,118.980996,36.352256
2020-02-05,118.970717,36.35236
2020-02-05,120.33469,37.337191
2020-02-05,120.451932,37.36033
2020-02-05,116.008025,36.473996
2020-02-05,0.0,0.0
2020-02-05,116.008025,36.473996
2020-02-05,0.0,0.0
2020-02-05,116.008025,36.473996
2020-02-05,0.0,0.0
2020-02-05,116.008025,36.473996
2020-02-05,0.0,0.0
2020-02-05,116.008025,36.473996
2020-02-05,0.0,0.0
2020-02-05,115.992947,36.409453
2020-02-05,116.008025,36.473996
2020-02-05,116.75269,36.55045
2020-02-05,0.0,0.0
2020-02-05,116.75269,36.55045
2020-02-05,0.0,0.0
2020-02-05,116.75269,36.55045
2020-02-05,0.0,0.0
2020-02-05,116.689138,36.199945
2020-02-05,0.0,0.0
2020-02-05,116.689138,36.199945
2020-02-05,0.0,0.0
2020-02-05,117.056593,35.904173
2020-02-05,0.0,0.0
2020-02-05,117.097095,36.193129
2020-02-05,117.087357,36.147015
2020-02-06,115.781476,36.112098
2020-02-06,115.782999,36.115283
2020-02-06,116.171695,37.165069
2020-02-06,116.077382,37.216028
2020-02-06,117.738356,34.560797
2020-02-06,0.0,0.0
2020-02-06,116.000733,36.440461
2020-02-06,116.008025,36.473996
2020-02-06,116.000733,36.440461
2020-02-06,116.008025,36.473996
2020-02-06,115.944373,36.430123
2020-02-06,115.97851,36.458263
2020-02-06,115.944373,36.430123
2020-02-06,115.97851,36.458263
2020-02-06,115.980069,36.446162
2020-02-06,115.97851,36.458263
2020-02-06,117.226847,35.089726
2020-02-06,117.163056,35.088216
2020-02-06,120.451932,37.36033
2020-02-06,120.395492,37.359774
2020-02-06,116.008025,36.473996
2020-02-06,0.0,0.0
2020-02-06,116.008025,36.473996
2020-02-06,0.0,0.0
2020-02-06,115.988491,36.434645
2020-02-06,115.992947,36.409453
2020-02-06,117.526228,36.681259
2020-02-06,116.988004,36.649269
2020-02-06,117.052453,36.676116
2020-02-06,116.988004,36.649269
2020-02-06,117.01059,36.717798
2020-02-06,116.988004,36.649269
2020-02-07,119.772554,36.38253
2020-02-07,0.0,0.0
2020-02-07,115.798741,36.118275
2020-02-07,115.800041,36.124405
2020-02-07,116.086185,37.226437
2020-02-07,116.077382,37.216028
2020-02-07,117.981675,36.584149
2020-02-07,118.0529,36.807708
2020-02-07,117.244312,36.159144
2020-02-07,0.0,0.0
2020-02-07,117.15067,36.191463
2020-02-07,117.087357,36.147015
2020-02-07,116.988004,36.649269
2020-02-07,0.0,0.0
2020-02-08,117.452053,35.102689
2020-02-08,0.0,0.0
2020-02-08,121.638034,36.81549
2020-02-08,121.619649,36.809803
2020-02-08,117.040276,36.690283
2020-02-08,0.0,0.0
2020-02-08,120.373996,36.101433
2020-02-08,0.0,0.0
2020-02-08,117.087357,36.147015
2020-02-08,0.0,0.0
2020-02-08,118.0529,36.807708
2020-02-08,0.0,0.0
2020-02-08,117.738356,34.560797
2020-02-08,0.0,0.0
2020-02-08,117.244312,36.159144
2020-02-08,117.087357,36.147015
2020-02-08,117.087357,36.147015
2020-02-08,0.0,0.0
2020-02-09,121.619649,36.809803
2020-02-09,121.526587,36.918103
2020-02-09,116.988004,36.649269
2020-02-09,0.0,0.0
2020-02-09,117.040276,36.690283
2020-02-09,116.988004,36.649269
2020-02-09,115.800041,36.124405
2020-02-09,0.0,0.0
2020-02-09,117.772463,35.914213
2020-02-09,117.087357,36.147015
2020-02-10,117.452053,35.102689
2020-02-10,0.0,0.0
2020-02-10,121.168409,36.78022
2020-02-10,0.0,0.0
2020-02-10,121.526587,36.918103
2020-02-10,0.0,0.0
2020-02-11,117.163056,35.088216
2020-02-11,0.0,0.0
2020-02-12,117.668455,36.203176
2020-02-12,0.0,0.0
2020-02-12,118.63145,35.796822
2020-02-12,0.0,0.0
2020-02-12,117.163056,35.088216
2020-02-12,0.0,0.0
2020-02-12,119.132328,36.699697
2020-02-12,118.63145,35.796822
2020-02-13,116.077382,37.216028
2020-02-13,0.0,0.0
2020-02-14,117.163056,35.088216
,0.0,0.0
2020-02-15,116.077382,37.216028
